"year","month","stockpile","procurement","unspecified","nato_purl"
2022,1,0.00149570612079685,0,0.230356053306305,0
2022,2,0.844551110476898,0.00264505946975374,0.17392375193959,0
2022,3,1.69420359852987,0.0206730180313181,0.312219498877599,0
2022,4,2.98139771574896,0.201579361738799,4.19435964814619,0
2022,5,0.965130216496408,0,0.300389081582248,0
2022,6,3.70538986462379,0.599918895120054,0.792999352032174,0
2022,7,0.984095697916102,0.146092599905371,0.95424669759332,0
2022,8,2.67435145087186,0.206599641459915,3.46351869563667,0
2022,9,1.57435768263596,0.483329952313856,1.27747903424478,0
2022,10,2.47892533725794,0.105543254201918,0.0958678006457747,0
2022,11,1.8997281507186,0.94471172518333,0.808420913618337,0
2022,12,1.47087874193084,1.16501279155448,0.455270825919423,0
2023,1,8.02754838194163,0.683327548882022,0.652073988605769,0
2023,2,1.53580125394585,3.93716923309574,0.372645282303178,0
2023,3,1.57032090509891,0.375301233430567,0.309898178873323,0
2023,4,1.17081104096476,2.45869379855606,0.204040015,0
2023,5,1.13035338706656,3.1540447915094,0.770083960805231,0
2023,6,0.855204272775525,2.88155494237563,0.114468733367075,0
2023,7,1.32251540579879,1.24407358730607,0.284066727923801,0
2023,8,2.41666986858541,0.289521514756533,0.165,0
2023,9,0.487153563915136,1.89937544339222,0.0840916006367891,0
2023,10,0.688791577443033,0.665722497573218,0.129910085919302,0
2023,11,0.255981023523663,0.335830762255633,0.104238809927139,0
2023,12,0.656603947759681,1.80853133976478,0.877231012698091,0
2024,1,0.0511970250637584,1.72374007825911,0.0688482908387624,0
2024,2,0.729327888281728,1.66072700137332,0.532749460316422,0
2024,3,0.358393593049383,1.06723979389136,1.0352,0
2024,4,1.81915787851534,6.5245308886312,1.14644232635784,0
2024,5,1.76513890391016,0.725565456826642,0.0800221041236099,0
2024,6,1.705767271396,0.414409027226587,0.40487936747832,0
2024,7,0.856120629982156,3.92990006383758,0.486168066506564,0
2024,8,0.237918338369079,0.13006729157541,0.0138603529975069,0
2024,9,1.21293209016101,3.06786551282183,0.154,0
2024,10,1.0554519330822,1.90249867586739,0.334469390242069,0
2024,11,0.667440676316039,0.563087350412652,0.195842200749889,0
2024,12,2.38889273866961,2.69979363090688,0.619397742004588,0
2025,1,0.971273166577251,1.7628184005492,0.14459575162312,0
2025,2,0.00354648547418967,0.769742144569672,0.115766062478413,0
2025,3,0.0455891815569617,4.6413104662273,4.26836274521786,0
2025,4,0.0124929205766032,2.87171085809098,0.166018853782713,0
2025,5,0.323189832417803,4.39546113315055,2.20193327646119,0
2025,6,0.254374648791763,2.18299420606904,0.653807726334082,0
2025,7,0,1.16423952462642,0.3005,0
2025,8,2.57102388720684,0.727742533071527,0.135413226088091,0
2025,9,0.0765234777677025,1.03019917512558,0,0
2025,10,0,0.629725156614622,2.31255068172469,0
2025,11,0.297348371500597,0.337631218955866,0.375835442194116,0
2025,12,1.14369175681141,0.738251498392842,0.898079667222864,0
2026,1,0,0.135,0.0912296772201555,0
2026,2,0.382760398703614,0.594780501559249,2.69047065906278,0
2026,3,0.0302616666155425,0,0.31600915900443,0
2026,4,0,4.141,0.985069493061915,0
2026,5,0.271971155274466,0,0.130381221944283,0
2026,6,0.625995832609828,6.23472406574194,0.333207749168051,0
