"country","iso","bilateral_pct_gdp","eu_share_pct_gdp","total_pct_gdp","eu_share_bn"
"Denmark","DNK",3.4872,0.691252,4.178452,2.327882
"Estonia","EST",3.06558,0.711979,3.777559,0.223881
"Lithuania","LTU",2.655226,0.644595,3.299821,0.362128
"Latvia","LVA",2.162099,0.683249,2.845348,0.230227
"Sweden","SWE",2.107927,0.627058,2.734985,3.370123
"Finland","FIN",1.513161,0.752639,2.2658,1.891886
"Netherlands","NLD",1.307764,0.562573,1.870337,4.817628
"Poland","POL",1.024622,0.701421,1.726043,4.02943
"Germany","DEU",0.856274,0.63665,1.492924,22.930541
"Belgium","BEL",0.656366,0.772445,1.428811,3.880081
"Slovakia","SVK",0.763759,0.624318,1.388077,0.615097
"Croatia","HRV",0.642725,0.709857,1.352582,0.413855
"France","FRA",0.316155,0.777671,1.093826,19.448541
"Slovenia","SVN",0.355348,0.71368,1.069028,0.372599
"Bulgaria","BGR",0.359582,0.665382,1.024964,0.472881
"Italy","ITA",0.241631,0.774667,1.016298,13.804956
"Spain","ESP",0.216528,0.757637,0.974165,9.143482
"Luxembourg","LUX",0.520484,0.432916,0.9534,0.312977
"Portugal","PRT",0.179674,0.758963,0.938637,1.627753
"Romania","ROU",0.223711,0.688619,0.91233,1.654024
"Czechia","CZE",0.267856,0.598379,0.866235,1.425587
"Greece","GRC",0.092773,0.749645,0.842418,1.361915
"Austria","AUT",0.064099,0.715807,0.779906,2.907241
"Cyprus","CYP",0.016654,0.742721,0.759375,0.178392
"Malta","MLT",0.014781,0.644882,0.659663,0.094676
"Hungary","HUN",0.03518,0.600637,0.635817,0.923488
"Ireland","IRL",0.14965,0.449249,0.598899,1.915074
